{
  "app_name": "Clear Code",
  "branding": false,
  "pages": [{
    "label": "Theme",
    "id": "theme",
    "categories": [{
      "label": "Options",
      "id": "theme_options",
      "options": [{
        "id": "line_nums", "label": "Use line numbers", "default": false, "type": "checkbox"
      }, {
        "id": "font_size", "label": "Font size", "type": "options", "default": 12,
        "options": [
          6,
          7,
          8,
          9,
          10,
          11,
          12,
          13,
          14,
          15,
          16,
          17,
          18,
          19,
          20
        ]
      }, {
        "id": "margin_size", "label": "Margin size", "type": "number", "default": 100, "debounce": 50
      }, {
        "id": "font_family", "label": "Font family", "type": "options", "default": "source code pro",
        "options": [
          "source code pro",
          "open dyslexic mono",
          "ubuntu mono",
          "ubuntu mono bold",
          "cutive mono",
          "droid sans mono",
          "share tech mono"
        ]
      }, {
        "label": "Theme",
        "id": "css_theme",
        "default": "prettify",
        "type": "options",
        "options": [
          "prettify",
          "github",
          "vibrant-ink",
          "tomorrow",
          "tomorrow-night",
          "tomorrow-night-blue",
          "tomorrow-night-eighties",
          "tomorrow-night-bright",
          "hemisu-dark",
          "hemisu-light",
          "desert",
          "doxy",
          "sons-of-obsidian",
          "sunburst"
        ]
      }, {
        "type": "iframe",
        "width": "100%",
        "height": "300px",
        "src": "../../../sample.html"
      }, {
        "type": "span",
        "content": [{
          "text": "The OpenDyslexic font by Abelardo Gonzalez is available at "
        }, {
          "text": "dyslexicfonts.com",
          "href": "http://dyslexicfonts.com"
        }]
      }]
    }]
  }, {
    "label": "JS Beautifier",
    "id": "js_beautifier",
    "categories": [{
      "label": "",
      "id": "js_options",
      "options": [{
          "type": "h3",
          "text": "Indentation"
        }, {
          "id": "indent_with_tabs", "label": "Indent with tabs", "default": false, "type": "checkbox"
        }, {
          "id": "keep_array_indentation", "label": "Preserve array indentation", "default": false, "type": "checkbox"
        }, {
          "id": "keep_function_indentation", "label": "Preserve function indentation", "default": false, "type": "checkbox"
        }, {
          "id": "indent_size", "label": "Indent size", "default": 4, "debounce": 50, "type": "number", "min": 1, "max": 8
        }, {
          "id": "indent_char", "label": "Indent character", "default": " ", "type": "text"
        }, {
          "id": "indent_level", "label": "Initial indentation level", "debounce": 50, "type": "number"
        }, {
          "type": "h3",
          "text": "Newlines"
        }, {
          "id": "preserve_newlines", "label": "Preserve line-breaks", "default": true, "type": "checkbox"
        }, {
          "id": "max_preserve_newlines", "label": "Number of line-breaks to be preserved in one chunk", "default": 10, "debounce": 50, "type": "number"
        }, {
          "type": "h3",
          "text": "JSLint"
        }, {
          "id": "jslint_happy", "label": "Enable jslint-stricter mode", "default": false, "type": "checkbox"
        }, {
          "type": "h3",
          "text": "Braces"
        }, {
          "id": "brace_style", "label": "Brace style", "type": "options", "default": "collapse", "options": ["collapse", "expand", "end-expand"]
        }, {
          "type": "h3",
          "text": "Wrap"
        }, {
          "type": "span",
          "content": [{
            "text": ""
          }]
        }, {
          "id": "wrap_line_length", "label": "Wrap lines at next opportunity after N characters", "debounce": 50, "type": "number"
        }, {
          "type": "h3",
          "text": "Advanced"
        }, {
          "id": "space_before_conditional", "label": "Space before conditional", "default": true, "type": "checkbox"
        }, {
          "id": "break_chained_methods", "label": "Break chained method calls across subsequent lines", "default": false, "type": "checkbox"
        }, {
          "id": "eval_code", "label": "Eval code", "default": false, "type": "checkbox"
        }, {
          "id": "unescape_strings", "label": "Decode printable characters encoded in xNN notation", "default": false, "type": "checkbox"
      }]
    }]
  }, {
    "label": "HTML Beautifier",
    "id": "html_beautifier",
    "categories": [{
      "label": "",
      "id": "html_options",
      "options": [{
        "type": "h3",
        "text": "Indentation"
      }, {
        "id": "indent_handlebars", "label": "Indent handlebars", "default": false, "type": "checkbox"
      }, {
        "id": "indent_inner_html", "label": "Indent inner HTML", "default": false, "type": "checkbox"
      }, {
        "id": "indent_size", "label": "Indent size", "default": 4, "debounce": 50, "type": "number", "min": 1, "max": 8
      }, {
        "id": "indent_char", "label": "Indent character", "default": " ", "type": "text"
      }, {
        "type": "h3",
        "text": "Braces"
      }, {
        "id": "preserve_newlines", "label": "Preserve newlines", "default": true, "type": "checkbox"
      }, {
        "id": "indent_scripts", "label": "Indent scripts", "type": "options", "default": "normal", "options": ["normal", "keep", "separate"]
      }, {
        "id": "brace_style", "label": "Brace style", "type": "options", "default": "collapse", "options": ["collapse", "expand", "end-expand"]
      }, {
        "id": "wrap_line_length", "label": "Wrap line length", "debounce": 50, "type": "number"
      }, {
        "id": "max_preserve_newlines", "label": "Max preserve newlines", "default": 10, "debounce": 50, "type": "number"
      }]
    }]
  }, {
    "label": "CSS Beautifier",
    "id": "css_beautifier",
    "categories": [{
      "label": "Indentation",
      "id": "css_options",
      "options": [{
        "id": "indent_size", "label": "Indent size", "default": 4, "debounce": 50, "type": "number", "min": 1, "max": 8
      }, {
        "id": "indent_char", "label": "Indent character", "default": " ", "type": "text"
      }]
    }]
  }]
}
